CS profile #,Date,Depth [m],Depth from DP [m],Dist from end [m],Dist from DP [m],Corr dist [m],Velocity [m/s],Discharge [m3/s],,d_t = w_t/R
1,6/17/2016 13:14,0,0.17,0,-0.8,-0.8,0,0,,0.045
1,6/17/2016 13:14,0.045,0.125,0.2,-0.6,-0.6,0.0305,0.0004,,0.045
1,6/17/2016 13:14,0.09,0.08,0.4,-0.4,-0.4,0.0388,0.0007,,0.065
1,6/17/2016 13:14,0.155,0.015,0.6,-0.2,-0.2,0.0485,0.0015,,0.015
1,6/17/2016 13:14,0.17,0,0.8,0,0,0.1071,0.0036,,-0.045
1,6/17/2016 13:14,0.125,0.045,1,0.2,0.2,0.0827,0.0021,,0.005
1,6/17/2016 13:14,0.13,0.04,1.2,0.4,0.4,0.0632,0.0016,,-0.03
1,6/17/2016 13:14,0.1,0.07,1.4,0.6,0.6,0.0632,0.0013,,-0.015
1,6/17/2016 13:14,0.085,0.085,1.6,0.8,0.8,0.0632,0.0011,,0.025
1,6/17/2016 13:14,0.11,0.06,1.8,1,1,0.0388,0.0009,,-0.03
1,6/17/2016 13:14,0.08,0.09,2,1.2,1.2,0.0583,0.0009,,-0.07
1,6/17/2016 13:14,0.01,0.16,2.2,1.4,1.4,0.0117,0,,-0.01
1,6/17/2016 13:14,0,0.17,2.23,1.43,1.43,0,0,,0
2,6/17/2016 16:45,0,0.21,0,-0.78,-0.78,0,0,,0.085
2,6/17/2016 16:45,0.085,0.125,0.18,-0.6,-0.6,0.0339,0.0008,,0.05
2,6/17/2016 16:45,0.135,0.075,0.38,-0.4,-0.4,0.0973,0.0026,,0.045
2,6/17/2016 16:45,0.18,0.03,0.58,-0.2,-0.2,0.0973,0.0035,,0.03
2,6/17/2016 16:45,0.21,0,0.78,0,0,0.1168,0.0049,,-0.065
2,6/17/2016 16:45,0.145,0.065,0.98,0.2,0.2,0.0827,0.0024,,-0.01
2,6/17/2016 16:45,0.135,0.075,1.18,0.4,0.4,0.0729,0.002,,-0.005
2,6/17/2016 16:45,0.13,0.08,1.38,0.6,0.6,0.0729,0.0019,,-0.03
2,6/17/2016 16:45,0.1,0.11,1.58,0.8,0.8,0.1071,0.0021,,0.055
2,6/17/2016 16:45,0.155,0.055,1.78,1,1,0.1071,0.0033,,-0.05
2,6/17/2016 16:45,0.105,0.105,1.98,1.2,1.2,0.0681,0.0021,,-0.105
2,6/17/2016 16:45,0,0.21,2.18,1.4,1.4,0,0,,0
3,6/19/2016 14:10,0,0.62,0,-1.3,-1.6,0,0,,0.35
3,6/19/2016 14:10,0.35,0.27,0.3,-1,-1.4,0.0058,0.0008,,0.07
3,6/19/2016 14:10,0.42,0.2,0.5,-0.8,-1.2,0.2613,0.022,,0.08
3,6/19/2016 14:10,0.5,0.12,0.7,-0.6,-1,0.4711,0.0471,,0.05
3,6/19/2016 14:10,0.55,0.07,0.9,-0.4,-0.8,0.4751,0.0523,,0.07
3,6/19/2016 14:10,0.62,0,1.1,-0.2,-0.6,0.5302,0.0657,,0
3,6/19/2016 14:10,0.62,0,1.3,0,-0.4,0.4956,0.0614,,-0.05
3,6/19/2016 14:10,0.57,0.05,1.5,0.2,-0.2,0.4382,0.05,,-0.01
3,6/19/2016 14:10,0.56,0.06,1.7,0.4,0,0.4609,0.0516,,-0.01
3,6/19/2016 14:10,0.55,0.07,1.9,0.6,0.2,0.4302,0.0473,,0
3,6/19/2016 14:10,0.55,0.07,2.1,0.8,0.4,0.4302,0.0473,,0
3,6/19/2016 14:10,0.55,0.07,2.3,1,0.6,0.384,0.0422,,-0.06
3,6/19/2016 14:10,0.49,0.13,2.5,1.2,0.8,0.3271,0.0321,,-0.13
3,6/19/2016 14:10,0.36,0.26,2.7,1.4,1,0.2351,0.0169,,-0.16
3,6/19/2016 14:10,0.2,0.42,2.9,1.6,1.2,0.052,0.0021,,-0.11
3,6/19/2016 14:10,0.09,0.53,3.1,1.8,1.4,0.0162,0.0004,,-0.09
3,6/19/2016 14:10,0,0.62,3.25,1.95,1.6,0,0,,0
4,6/19/2016 16:40,0,0.605,0,-1.14,-1.54,0,0,,0.34
4,6/19/2016 16:40,0.34,0.265,0.14,-1,-1.4,0.3867,0.0316,,0.095
4,6/19/2016 16:40,0.435,0.17,0.34,-0.8,-1.2,0.4756,0.0414,,0.035
4,6/19/2016 16:40,0.47,0.135,0.54,-0.6,-1,0.5742,0.054,,0.08
4,6/19/2016 16:40,0.55,0.055,0.74,-0.4,-0.8,0.5271,0.058,,0.05
4,6/19/2016 16:40,0.6,0.005,0.94,-0.2,-0.6,0.5369,0.0644,,0.005
4,6/19/2016 16:40,0.605,0,1.14,0,-0.4,0.5191,0.0628,,-0.02
4,6/19/2016 16:40,0.585,0.02,1.34,0.2,-0.2,0.552,0.0969,,-0.055
4,6/19/2016 16:40,0.53,0.075,1.74,0.6,0,0.5227,0.0831,,0.015
4,6/19/2016 16:40,0.545,0.06,1.94,0.8,0.2,0.4907,0.0535,,-0.035
4,6/19/2016 16:40,0.51,0.095,2.14,1,0.6,0.464,0.0473,,0.02
4,6/19/2016 16:40,0.53,0.075,2.34,1.2,0.8,0.4284,0.0454,,-0.04
4,6/19/2016 16:40,0.49,0.115,2.54,1.4,1,0.3573,0.035,,-0.095
4,6/19/2016 16:40,0.395,0.21,2.74,1.6,1.2,0.3618,0.0286,,-0.135
4,6/19/2016 16:40,0.26,0.345,2.94,1.8,1.4,0.2,0.0104,,-0.1
4,6/19/2016 16:40,0.16,0.445,3.14,2,1.6,0.0071,0.0004,,-0.16
4,6/19/2016 16:40,0,0.605,3.35,2.21,1.8,0,0,,0
5,6/22/2016 14:35,0,0.47,0,-1.4,-1.5,0,0,,0.14
5,6/22/2016 14:35,0.14,0.33,0.2,-1.2,-1.4,0.2827,0.0119,,0.11
5,6/22/2016 14:35,0.25,0.22,0.4,-1,-1.2,0.3644,0.0182,,0.09
5,6/22/2016 14:35,0.34,0.13,0.6,-0.8,-1,0.4036,0.0274,,0.08
5,6/22/2016 14:35,0.42,0.05,0.8,-0.6,-0.8,0.472,0.0396,,0.02
5,6/22/2016 14:35,0.44,0.03,1,-0.4,-0.6,0.4116,0.0362,,0.02
5,6/22/2016 14:35,0.46,0.01,1.2,-0.2,-0.4,0.4498,0.0414,,0.01
5,6/22/2016 14:35,0.47,0,1.4,0,-0.2,0.416,0.0391,,-0.05
5,6/22/2016 14:35,0.42,0.05,1.6,0.2,0,0.4382,0.0368,,-0.02
5,6/22/2016 14:35,0.4,0.07,1.8,0.4,0.2,0.4107,0.0329,,-0.01
5,6/22/2016 14:35,0.39,0.08,2,0.6,0.4,0.3787,0.0295,,0
5,6/22/2016 14:35,0.39,0.08,2.2,0.8,0.6,0.3511,0.0274,,-0.07
5,6/22/2016 14:35,0.32,0.15,2.4,1,0.8,0.2827,0.0181,,-0.08
5,6/22/2016 14:35,0.24,0.23,2.6,1.2,1,0.2267,0.0109,,-0.1
5,6/22/2016 14:35,0.14,0.33,2.8,1.4,1.2,0.1751,0.0049,,-0.11
5,6/22/2016 14:35,0.03,0.44,3,1.6,1.4,0,0,,-0.03
5,6/22/2016 14:35,0,0.47,3.1,1.7,1.6,0,0,,0
6,6/28/2016 16:40,0,0.505,0,-1.01,-1.4,0,0,,0.33
6,6/28/2016 16:40,0.33,0.175,0.21,-0.8,-1.2,0.2373,0.0243,,0.11
6,6/28/2016 16:40,0.44,0.065,0.41,-0.6,-1,0.4564,0.0402,,0.09
6,6/28/2016 16:40,0.53,-0.025,0.61,-0.4,-0.8,0.4796,0.0508,,-0.025
6,6/28/2016 16:40,0.505,0,0.81,-0.2,-0.6,0.5293,0.0535,,0
6,6/28/2016 16:40,0.505,0,1.01,0,-0.4,0.5969,0.0603,,-0.005
6,6/28/2016 16:40,0.5,0.005,1.21,0.2,-0.2,0.5707,0.0571,,-0.01
6,6/28/2016 16:40,0.49,0.015,1.41,0.4,0,0.5289,0.0518,,0.005
6,6/28/2016 16:40,0.495,0.01,1.61,0.6,0.2,0.5498,0.0544,,-0.035
6,6/28/2016 16:40,0.46,0.045,1.81,0.8,0.4,0.4538,0.0417,,-0.025
6,6/28/2016 16:40,0.435,0.07,2.01,1,0.6,0.4436,0.0386,,-0.03
6,6/28/2016 16:40,0.405,0.1,2.21,1.2,0.8,0.404,0.0327,,-0.07
6,6/28/2016 16:40,0.335,0.17,2.41,1.4,1,0.3551,0.0238,,-0.035
6,6/28/2016 16:40,0.3,0.205,2.61,1.6,1.2,0.2818,0.0169,,-0.1
6,6/28/2016 16:40,0.2,0.305,2.81,1.8,1.4,0.1498,0.009,,-0.2
6,6/28/2016 16:40,0,0.505,3.01,2,1.6,0,0,,0
7,6/29/2016 13:20,0,0.39,0,-0.95,-1.15,0,0,,0.12
7,6/29/2016 13:20,0.12,0.27,0.15,-0.8,-0.95,0.2338,0.007,,0.095
7,6/29/2016 13:20,0.215,0.175,0.35,-0.6,-0.8,0.2542,0.0109,,0.095
7,6/29/2016 13:20,0.31,0.08,0.55,-0.4,-0.6,0.4142,0.0257,,0.04
7,6/29/2016 13:20,0.35,0.04,0.75,-0.2,-0.4,0.3947,0.0276,,0.04
7,6/29/2016 13:20,0.39,0,0.95,0,-0.2,0.4471,0.0349,,-0.01
7,6/29/2016 13:20,0.38,0.01,1.15,0.2,0,0.4338,0.033,,-0.02
7,6/29/2016 13:20,0.36,0.03,1.35,0.4,0.2,0.3991,0.0287,,-0.02
7,6/29/2016 13:20,0.34,0.05,1.55,0.6,0.4,0.4507,0.0306,,0.01
7,6/29/2016 13:20,0.35,0.04,1.75,0.8,0.6,0.3911,0.0274,,-0.05
7,6/29/2016 13:20,0.3,0.09,1.95,1,0.8,0.3316,0.0199,,-0.01
7,6/29/2016 13:20,0.29,0.1,2.15,1.2,1,0.3271,0.019,,-0.07
7,6/29/2016 13:20,0.22,0.17,2.35,1.4,1.2,0.2649,0.0117,,-0.06
7,6/29/2016 13:20,0.16,0.23,2.55,1.6,1.4,0.0676,0.0032,,-0.16
7,6/29/2016 13:20,0,0.39,2.75,1.8,1.6,0,0,,0
8,6/29/2016 17:15,0,0.37,0,-1.2,-1.2,0,0,,0.15
8,6/29/2016 17:15,0.15,0.22,0.2,-1,-1,0.2391,0.0108,,0.1
8,6/29/2016 17:15,0.25,0.12,0.4,-0.8,-0.8,0.3067,0.0153,,0.05
8,6/29/2016 17:15,0.3,0.07,0.6,-0.6,-0.6,0.3582,0.0215,,0.05
8,6/29/2016 17:15,0.35,0.02,0.8,-0.4,-0.4,0.4,0.028,,0
8,6/29/2016 17:15,0.35,0.02,1,-0.2,-0.2,0.4329,0.0303,,0.02
8,6/29/2016 17:15,0.37,0,1.2,0,0,0.4027,0.0298,,-0.02
8,6/29/2016 17:15,0.35,0.02,1.4,0.2,0.2,0.3351,0.0235,,0.01
8,6/29/2016 17:15,0.36,0.01,1.6,0.4,0.4,0.3822,0.0275,,-0.02
8,6/29/2016 17:15,0.34,0.03,1.8,0.6,0.6,0.3582,0.0244,,-0.03
8,6/29/2016 17:15,0.31,0.06,2,0.8,0.8,0.3298,0.0204,,-0.03
8,6/29/2016 17:15,0.28,0.09,2.2,1,1,0.3164,0.0177,,-0.08
8,6/29/2016 17:15,0.2,0.17,2.4,1.2,1.2,0.256,0.0102,,-0.08
8,6/29/2016 17:15,0.12,0.25,2.6,1.4,1.4,0.0969,0.0033,,-0.12
8,6/29/2016 17:15,0,0.37,2.78,1.58,1.58,0,0,,0
9,6/30/2016 15:10,0,0.45,0,-0.82,-1.22,0,0,,0.165
9,6/30/2016 15:10,0.165,0.285,0.22,-0.6,-1,0.1444,0.0076,,0.125
9,6/30/2016 15:10,0.29,0.16,0.42,-0.4,-0.8,0.2662,0.0154,,0.11
9,6/30/2016 15:10,0.4,0.05,0.62,-0.2,-0.6,0.2849,0.0228,,0.05
9,6/30/2016 15:10,0.45,0,0.82,0,-0.4,0.3422,0.0308,,-0.01
9,6/30/2016 15:10,0.44,0.01,1.02,0.2,-0.2,0.4511,0.0397,,-0.015
9,6/30/2016 15:10,0.425,0.025,1.22,0.4,0,0.4533,0.0385,,-0.005
9,6/30/2016 15:10,0.42,0.03,1.42,0.6,0.2,0.4022,0.0338,,-0.005
9,6/30/2016 15:10,0.415,0.035,1.62,0.8,0.4,0.3982,0.0331,,-0.005
9,6/30/2016 15:10,0.41,0.04,1.82,1,0.6,0.4009,0.0329,,-0.015
9,6/30/2016 15:10,0.395,0.055,2.02,1.2,0.8,0.4173,0.033,,-0.03
9,6/30/2016 15:10,0.365,0.085,2.22,1.4,1,0.3627,0.0265,,-0.005
9,6/30/2016 15:10,0.36,0.09,2.42,1.6,1.2,0.3004,0.0216,,-0.1
9,6/30/2016 15:10,0.26,0.19,2.62,1.8,1.4,0.2253,0.0117,,-0.06
9,6/30/2016 15:10,0.2,0.25,2.82,2,1.6,0.1987,0.0119,,-0.2
9,6/30/2016 15:10,0,0.45,3.02,2.2,1.8,0,0,,0
10,7/2/2016 11:30,0,0.475,0,-1.1,-1.1,0,0,,0.13
10,7/2/2016 11:30,0.13,0.345,0.1,-1,-1,0.088,0.0023,,0.09
10,7/2/2016 11:30,0.22,0.255,0.3,-0.8,-0.8,0.3138,0.0138,,0.065
10,7/2/2016 11:30,0.285,0.19,0.5,-0.6,-0.6,0.3689,0.021,,0.115
10,7/2/2016 11:30,0.4,0.075,0.7,-0.4,-0.4,0.4756,0.038,,0.07
10,7/2/2016 11:30,0.47,0.005,0.9,-0.2,-0.2,0.5191,0.0488,,0.005
10,7/2/2016 11:30,0.475,0,1.1,0,0,0.5173,0.0491,,-0.06
10,7/2/2016 11:30,0.415,0.06,1.3,0.2,0.2,0.4987,0.0414,,-0.03
10,7/2/2016 11:30,0.385,0.09,1.5,0.4,0.4,0.4258,0.0328,,-0.025
10,7/2/2016 11:30,0.36,0.115,1.7,0.6,0.6,0.376,0.0271,,-0.02
10,7/2/2016 11:30,0.34,0.135,1.9,0.8,0.8,0.3884,0.0264,,-0.055
10,7/2/2016 11:30,0.285,0.19,2.1,1,1,0.3547,0.0202,,-0.065
10,7/2/2016 11:30,0.22,0.255,2.3,1.2,1.2,0.3396,0.0149,,-0.07
10,7/2/2016 11:30,0.15,0.325,2.5,1.4,1.4,0.2356,0.0071,,-0.075
10,7/2/2016 11:30,0.075,0.4,2.7,1.6,1.6,0.0738,0.0009,,-0.075
10,7/2/2016 11:30,0,0.475,2.76,1.66,1.66,0,0,,0
11,7/7/2016 13:20,0,0.585,0,-1.31,-1.31,0,0,,0.2
11,7/7/2016 13:20,0.2,0.385,0.11,-1.2,-1.2,0.4356,0.0183,,0.12
11,7/7/2016 13:20,0.32,0.265,0.31,-1,-1,0.4716,0.0302,,0.115
11,7/7/2016 13:20,0.435,0.15,0.51,-0.8,-0.8,0.4889,0.0425,,0.045
11,7/7/2016 13:20,0.48,0.105,0.71,-0.6,-0.6,0.5151,0.0495,,0.07
11,7/7/2016 13:20,0.55,0.035,0.91,-0.4,-0.4,0.5698,0.0627,,0.01
11,7/7/2016 13:20,0.56,0.025,1.11,-0.2,-0.2,0.6218,0.0696,,0.025
11,7/7/2016 13:20,0.585,0,1.31,0,0,0.5662,0.0662,,-0.04
11,7/7/2016 13:20,0.545,0.04,1.51,0.2,0.2,0.5542,0.0604,,0
11,7/7/2016 13:20,0.545,0.04,1.71,0.4,0.4,0.5436,0.0592,,-0.03
11,7/7/2016 13:20,0.515,0.07,1.91,0.6,0.6,0.4822,0.0497,,-0.095
11,7/7/2016 13:20,0.42,0.165,2.11,0.8,0.8,0.5089,0.0427,,-0.07
11,7/7/2016 13:20,0.35,0.235,2.31,1,1,0.4187,0.0293,,-0.06
11,7/7/2016 13:20,0.29,0.295,2.51,1.2,1.2,0.3782,0.0219,,-0.04
11,7/7/2016 13:20,0.25,0.335,2.71,1.4,1.4,0.2876,0.0144,,-0.05
11,7/7/2016 13:20,0.2,0.385,2.91,1.6,1.6,0.2756,0.0105,,-0.2
11,7/7/2016 13:20,0,0.585,3,1.69,1.69,0,0,,0
12,7/11/2016 15:05,0,0.58,0,-1.18,-1.3,0,0,,0.24
12,7/11/2016 15:05,0.24,0.34,0.18,-1,-1.18,0.3182,0.0214,,0.08
12,7/11/2016 15:05,0.32,0.26,0.38,-0.8,-1,0.4564,0.0292,,0.12
12,7/11/2016 15:05,0.44,0.14,0.58,-0.6,-0.8,0.5009,0.0441,,0.06
12,7/11/2016 15:05,0.5,0.08,0.78,-0.4,-0.6,0.5462,0.0546,,0.035
12,7/11/2016 15:05,0.535,0.045,0.98,-0.2,-0.4,0.6431,0.0688,,0.045
12,7/11/2016 15:05,0.58,0,1.18,0,-0.2,0.6333,0.0735,,-0.01
12,7/11/2016 15:05,0.57,0.01,1.38,0.2,0,0.6182,0.0705,,-0.045
12,7/11/2016 15:05,0.525,0.055,1.58,0.4,0.2,0.5396,0.0567,,-0.02
12,7/11/2016 15:05,0.505,0.075,1.78,0.6,0.4,0.4716,0.0476,,-0.05
12,7/11/2016 15:05,0.455,0.125,1.98,0.8,0.6,0.4956,0.0451,,-0.075
12,7/11/2016 15:05,0.38,0.2,2.18,1,0.8,0.424,0.0322,,-0.075
12,7/11/2016 15:05,0.305,0.275,2.38,1.2,1,0.3876,0.0236,,-0.06
12,7/11/2016 15:05,0.245,0.335,2.58,1.4,1.2,0.2689,0.0132,,-0.03
12,7/11/2016 15:05,0.215,0.365,2.78,1.6,1.4,0.1262,0.0062,,-0.215
12,7/11/2016 15:05,0,0.58,2.91,1.73,1.6,0,0,,0
13,7/20/2016 12:30,0,0.465,0,-1.35,-1.35,0,0,,0.155
13,7/20/2016 12:30,0.155,0.31,0.15,-1.2,-1.2,0.4507,0.0175,,0.08
13,7/20/2016 12:30,0.235,0.23,0.35,-1,-1,0.4636,0.0218,,0.085
13,7/20/2016 12:30,0.32,0.145,0.55,-0.8,-0.8,0.6142,0.0393,,0.045
13,7/20/2016 12:30,0.365,0.1,0.75,-0.6,-0.6,0.6964,0.0508,,0.03
13,7/20/2016 12:30,0.395,0.07,0.95,-0.4,-0.4,0.7178,0.0567,,0.04
13,7/20/2016 12:30,0.435,0.03,1.15,-0.2,-0.2,0.7004,0.0609,,0.03
13,7/20/2016 12:30,0.465,0,1.35,0,0,0.6356,0.0591,,-0.005
13,7/20/2016 12:30,0.46,0.005,1.55,0.2,0.2,0.6253,0.0575,,-0.005
13,7/20/2016 12:30,0.455,0.01,1.75,0.4,0.4,0.5631,0.0512,,-0.075
13,7/20/2016 12:30,0.38,0.085,1.95,0.6,0.6,0.5484,0.0417,,-0.06
13,7/20/2016 12:30,0.32,0.145,2.15,0.8,0.8,0.52,0.0333,,-0.07
13,7/20/2016 12:30,0.25,0.215,2.35,1,1,0.448,0.0224,,-0.105
13,7/20/2016 12:30,0.145,0.32,2.55,1.2,1.2,0.3844,0.0111,,-0.09
13,7/20/2016 12:30,0.055,0.41,2.75,1.4,1.4,0.2204,0.0024,,-0.02
13,7/20/2016 12:30,0.035,0.43,2.95,1.6,1.6,0,0,,-0.035
13,7/20/2016 12:30,0,0.465,3,1.65,1.65,0,0,,0
14,7/20/2016 15:15,0,0.545,0,-1.86,-1.4,0,0,,0.28
14,7/20/2016 15:15,0.28,0.265,0.26,-1.6,-1.2,0.4067,0.041,,0.03
14,7/20/2016 15:15,0.31,0.235,0.46,-1.4,-1,0.5262,0.0326,,0.09
14,7/20/2016 15:15,0.4,0.145,0.66,-1.2,-0.8,0.6516,0.0521,,0.045
14,7/20/2016 15:15,0.445,0.1,0.86,-1,-0.6,0.7551,0.0672,,0.05
14,7/20/2016 15:15,0.495,0.05,1.06,-0.8,-0.4,0.7302,0.0723,,0.03
14,7/20/2016 15:15,0.525,0.02,1.26,-0.6,-0.2,0.784,0.0823,,0.015
14,7/20/2016 15:15,0.54,0.005,1.46,-0.4,0,0.7449,0.0804,,0
14,7/20/2016 15:15,0.54,0.005,1.66,-0.2,0.2,0.7387,0.0798,,0.005
14,7/20/2016 15:15,0.545,0,1.86,0,0.4,0.5991,0.0653,,-0.07
14,7/20/2016 15:15,0.475,0.07,2.06,0.2,0.6,0.6058,0.0575,,-0.095
14,7/20/2016 15:15,0.38,0.165,2.26,0.4,0.8,0.5369,0.0408,,-0.07
14,7/20/2016 15:15,0.31,0.235,2.46,0.6,1,0.5156,0.032,,-0.1
14,7/20/2016 15:15,0.21,0.335,2.66,0.8,1.2,0.3662,0.0154,,-0.09
14,7/20/2016 15:15,0.12,0.425,2.86,1,1.4,0.3738,0.009,,-0.065
14,7/20/2016 15:15,0.055,0.49,3.06,1.2,1.6,0.0027,0,,-0.055
14,7/20/2016 15:15,0,0.545,3.18,1.32,1.72,0,0,,0
15,7/20/2016 16:50,0,0.54,0,-1.6,-1.4,0,0,,0.285
15,7/20/2016 16:50,0.285,0.255,0.2,-1.4,-1.2,0.3582,0.0306,,0.02
15,7/20/2016 16:50,0.305,0.235,0.4,-1.2,-1,0.4933,0.0301,,0.08
15,7/20/2016 16:50,0.385,0.155,0.6,-1,-0.8,0.6938,0.0534,,0.045
15,7/20/2016 16:50,0.43,0.11,0.8,-0.8,-0.6,0.6956,0.0598,,0.03
15,7/20/2016 16:50,0.46,0.08,1,-0.6,-0.4,0.6747,0.0621,,0.05
15,7/20/2016 16:50,0.51,0.03,1.2,-0.4,-0.2,0.6653,0.0679,,0.015
15,7/20/2016 16:50,0.525,0.015,1.4,-0.2,0,0.7276,0.0764,,0.015
15,7/20/2016 16:50,0.54,0,1.6,0,0.2,0.6671,0.072,,-0.025
15,7/20/2016 16:50,0.515,0.025,1.8,0.2,0.4,0.6578,0.0678,,-0.09
15,7/20/2016 16:50,0.425,0.115,2,0.4,0.6,0.6,0.051,,-0.07
15,7/20/2016 16:50,0.355,0.185,2.2,0.6,0.8,0.5613,0.0399,,-0.055
15,7/20/2016 16:50,0.3,0.24,2.4,0.8,1,0.5067,0.0304,,-0.095
15,7/20/2016 16:50,0.205,0.335,2.6,1,1.2,0.4622,0.019,,-0.08
15,7/20/2016 16:50,0.125,0.415,2.8,1.2,1.4,0.3036,0.0076,,-0.035
15,7/20/2016 16:50,0.09,0.45,3,1.4,1.6,0.0276,0.0006,,-0.09
15,7/20/2016 16:50,0,0.54,3.13,1.53,1.73,0,0,,0
16,7/26/2016 15:30,0,0.48,0,-1.95,-1.8,0,0,,0.24
16,7/26/2016 15:30,0.24,0.24,0.15,-1.8,-1.6,0.1608,0.0096,,0.08
16,7/26/2016 15:30,0.32,0.16,0.35,-1.6,-1.4,0.2291,0.0147,,-0.005
16,7/26/2016 15:30,0.315,0.165,0.55,-1.4,-1.2,0.2925,0.0184,,0.065
16,7/26/2016 15:30,0.38,0.1,0.75,-1.2,-1,0.3071,0.0233,,0.025
16,7/26/2016 15:30,0.405,0.075,0.95,-1,-0.8,0.3364,0.0272,,0.04
16,7/26/2016 15:30,0.445,0.035,1.15,-0.8,-0.6,0.3315,0.0295,,0.02
16,7/26/2016 15:30,0.465,0.015,1.35,-0.6,-0.4,0.3022,0.0281,,0.01
16,7/26/2016 15:30,0.475,0.005,1.55,-0.4,-0.2,0.3022,0.0287,,0.005
16,7/26/2016 15:30,0.48,0,1.75,-0.2,0,0.3218,0.0309,,0
16,7/26/2016 15:30,0.48,0,1.95,0,0.2,0.2681,0.0257,,-0.13
16,7/26/2016 15:30,0.35,0.13,2.15,0.2,0.4,0.2437,0.0171,,-0.075
16,7/26/2016 15:30,0.275,0.205,2.35,0.4,0.6,0.2095,0.0115,,-0.065
16,7/26/2016 15:30,0.21,0.27,2.55,0.6,0.8,0.1705,0.0072,,-0.13
16,7/26/2016 15:30,0.08,0.4,2.75,0.8,1,0.1266,0.002,,-0.02
16,7/26/2016 15:30,0.06,0.42,2.95,1,1.15,0.0924,0.0007,,-0.06
16,7/26/2016 15:30,0,0.48,2.98,1.03,1.18,0,0,,0
17,7/26/2016 16:15,0,0.485,0,-1.76,-1.4,0,0,,0.27
17,7/26/2016 16:15,0.27,0.215,0.16,-1.6,-1.2,0.1608,0.0113,,0.03
17,7/26/2016 16:15,0.3,0.185,0.36,-1.4,-1,0.2291,0.0137,,0.045
17,7/26/2016 16:15,0.345,0.14,0.56,-1.2,-0.8,0.3022,0.0209,,0.03
17,7/26/2016 16:15,0.375,0.11,0.76,-1,-0.6,0.3169,0.0238,,0.045
17,7/26/2016 16:15,0.42,0.065,0.96,-0.8,-0.4,0.3266,0.0274,,0.04
17,7/26/2016 16:15,0.46,0.025,1.16,-0.6,-0.2,0.3071,0.0283,,0.005
17,7/26/2016 16:15,0.465,0.02,1.36,-0.4,0,0.2974,0.0277,,0.01
17,7/26/2016 16:15,0.475,0.01,1.56,-0.2,0.2,0.3022,0.0287,,0.01
17,7/26/2016 16:15,0.485,0,1.76,0,0.4,0.3071,0.0298,,-0.035
17,7/26/2016 16:15,0.45,0.035,1.96,0.2,0.6,0.2681,0.0241,,-0.07
17,7/26/2016 16:15,0.38,0.105,2.16,0.4,0.8,0.2388,0.0181,,-0.155
17,7/26/2016 16:15,0.225,0.26,2.36,0.6,1,0.2047,0.0092,,-0.055
17,7/26/2016 16:15,0.17,0.315,2.56,0.8,1.2,0.1851,0.0063,,-0.08
17,7/26/2016 16:15,0.09,0.395,2.76,1,1.4,0.1315,0.0035,,-0.09
17,7/26/2016 16:15,0,0.485,2.96,1.2,1.6,0,0,,0
18,7/26/2016 17:10,0,0.485,0,-1.8,-1.4,0,0,,0.27
18,7/26/2016 17:10,0.27,0.215,0.2,-1.6,-1.2,0.1217,0.0099,,0.03
18,7/26/2016 17:10,0.3,0.185,0.4,-1.4,-1,0.1705,0.0102,,0.045
18,7/26/2016 17:10,0.345,0.14,0.6,-1.2,-0.8,0.2632,0.0182,,0.03
18,7/26/2016 17:10,0.375,0.11,0.8,-1,-0.6,0.2535,0.019,,0.045
18,7/26/2016 17:10,0.42,0.065,1,-0.8,-0.4,0.2974,0.025,,0.04
18,7/26/2016 17:10,0.46,0.025,1.2,-0.6,-0.2,0.2925,0.0269,,0.005
18,7/26/2016 17:10,0.465,0.02,1.4,-0.4,0,0.2876,0.0267,,0.01
18,7/26/2016 17:10,0.475,0.01,1.6,-0.2,0.2,0.2876,0.0273,,0.01
18,7/26/2016 17:10,0.485,0,1.8,0,0.4,0.2778,0.027,,-0.035
18,7/26/2016 17:10,0.45,0.035,2,0.2,0.6,0.273,0.0246,,-0.07
18,7/26/2016 17:10,0.38,0.105,2.2,0.4,0.8,0.2291,0.0174,,-0.155
18,7/26/2016 17:10,0.225,0.26,2.4,0.6,1,0.1998,0.009,,-0.055
18,7/26/2016 17:10,0.17,0.315,2.6,0.8,1.1,0.1412,0.0048,,-0.08
18,7/26/2016 17:10,0.09,0.395,2.8,1,1.2,0.1168,0.0019,,-0.09
18,7/26/2016 17:10,0,0.485,2.88,1.08,1.3,0,0,,0
19,7/26/2016 18:45,0,0.445,0,-1.86,-1.8,0,0,,0.165
19,7/26/2016 18:45,0.165,0.28,0.06,-1.8,-1.6,0.2022,0.0053,,0.095
19,7/26/2016 18:45,0.26,0.185,0.26,-1.6,-1.4,0.3782,0.0197,,0.005
19,7/26/2016 18:45,0.265,0.18,0.46,-1.4,-1.2,0.5982,0.0317,,0.035
19,7/26/2016 18:45,0.3,0.145,0.66,-1.2,-1,0.6116,0.0367,,0.04
19,7/26/2016 18:45,0.34,0.105,0.86,-1,-0.8,0.6102,0.0415,,0.04
19,7/26/2016 18:45,0.38,0.065,1.06,-0.8,-0.6,0.64,0.0486,,0.03
19,7/26/2016 18:45,0.41,0.035,1.26,-0.6,-0.4,0.56,0.0459,,0.02
19,7/26/2016 18:45,0.43,0.015,1.46,-0.4,-0.2,0.5889,0.0506,,0.005
19,7/26/2016 18:45,0.435,0.01,1.66,-0.2,0,0.5907,0.0514,,0.01
19,7/26/2016 18:45,0.445,0,1.86,0,0.2,0.5062,0.0451,,-0.055
19,7/26/2016 18:45,0.39,0.055,2.06,0.2,0.4,0.4342,0.0339,,-0.1
19,7/26/2016 18:45,0.29,0.155,2.26,0.4,0.6,0.3653,0.0212,,-0.075
19,7/26/2016 18:45,0.215,0.23,2.46,0.6,0.8,0.34,0.0146,,-0.055
19,7/26/2016 18:45,0.16,0.285,2.66,0.8,1,0.2156,0.0069,,-0.095
19,7/26/2016 18:45,0.065,0.38,2.86,1,1.1,0,0,,-0.065
19,7/26/2016 18:45,0,0.445,2.92,1.06,1.12,0,0,,0
20,7/26/2016 19:20,0,0.405,0,-1.65,-1.65,0,0,,0.06
20,7/26/2016 19:20,0.06,0.345,0.05,-1.6,-1.6,0.1911,0.0017,,0.18
20,7/26/2016 19:20,0.24,0.165,0.25,-1.4,-1.4,0.3747,0.018,,-0.015
20,7/26/2016 19:20,0.225,0.18,0.45,-1.2,-1.2,0.5009,0.0225,,0.045
20,7/26/2016 19:20,0.27,0.135,0.65,-1,-1,0.5876,0.0317,,0.05
20,7/26/2016 19:20,0.32,0.085,0.85,-0.8,-0.8,0.5844,0.0374,,0.03
20,7/26/2016 19:20,0.35,0.055,1.05,-0.6,-0.6,0.5004,0.035,,0.035
20,7/26/2016 19:20,0.385,0.02,1.25,-0.4,-0.4,0.5756,0.0443,,0.01
20,7/26/2016 19:20,0.395,0.01,1.45,-0.2,-0.2,0.568,0.0449,,0.01
20,7/26/2016 19:20,0.405,0,1.65,0,0,0.5769,0.0467,,-0.01
20,7/26/2016 19:20,0.395,0.01,1.85,0.2,0.2,0.552,0.0436,,-0.045
20,7/26/2016 19:20,0.35,0.055,2.05,0.4,0.4,0.4724,0.0331,,-0.115
20,7/26/2016 19:20,0.235,0.17,2.25,0.6,0.6,0.3769,0.0177,,-0.055
20,7/26/2016 19:20,0.18,0.225,2.45,0.8,0.8,0.3431,0.0124,,-0.07
20,7/26/2016 19:20,0.11,0.295,2.65,1,1,0.2049,0.0045,,-0.085
20,7/26/2016 19:20,0.025,0.38,2.85,1.2,1.2,0,0,,-0.025
20,7/26/2016 19:20,0,0.405,2.89,1.24,1.24,0,0,,0
21,7/26/2016 20:15,0,0.365,0,-1.69,-1.69,0,0,,0.125
21,7/26/2016 20:15,0.125,0.24,0.09,-1.6,-1.6,0.1462,0.0035,,0.075
21,7/26/2016 20:15,0.2,0.165,0.29,-1.4,-1.4,0.3058,0.0122,,0
21,7/26/2016 20:15,0.2,0.165,0.49,-1.2,-1.2,0.4507,0.018,,0.045
21,7/26/2016 20:15,0.245,0.12,0.69,-1,-1,0.4653,0.0228,,0.04
21,7/26/2016 20:15,0.285,0.08,0.89,-0.8,-0.8,0.5587,0.0318,,0.055
21,7/26/2016 20:15,0.34,0.025,1.09,-0.6,-0.6,0.5071,0.0345,,0.015
21,7/26/2016 20:15,0.355,0.01,1.29,-0.4,-0.4,0.536,0.0381,,0.01
21,7/26/2016 20:15,0.365,0,1.49,-0.2,-0.2,0.536,0.0391,,0
21,7/26/2016 20:15,0.365,0,1.69,0,0,0.5293,0.0386,,-0.07
21,7/26/2016 20:15,0.295,0.07,1.89,0.2,0.2,0.5027,0.0297,,-0.095
21,7/26/2016 20:15,0.2,0.165,2.09,0.4,0.4,0.3884,0.0155,,-0.08
21,7/26/2016 20:15,0.12,0.245,2.29,0.6,0.6,0.2787,0.0067,,-0.08
21,7/26/2016 20:15,0.04,0.325,2.49,0.8,0.8,0.176,0.0021,,-0.04
21,7/26/2016 20:15,0,0.365,2.69,1,1,0,0,,0
22,7/26/2016 21:05,0,0.315,0,-1.6,-1.6,0,0,,0.16
22,7/26/2016 21:05,0.16,0.155,0.2,-1.4,-1.4,0.0636,0.0031,,0
22,7/26/2016 21:05,0.16,0.155,0.4,-1.2,-1.2,0.2893,0.0093,,0.02
22,7/26/2016 21:05,0.18,0.135,0.6,-1,-1,0.3938,0.0142,,0.04
22,7/26/2016 21:05,0.22,0.095,0.8,-0.8,-0.8,0.4787,0.0211,,0.065
22,7/26/2016 21:05,0.285,0.03,1,-0.6,-0.6,0.4964,0.0283,,0.01
22,7/26/2016 21:05,0.295,0.02,1.2,-0.4,-0.4,0.4853,0.0286,,0.015
22,7/26/2016 21:05,0.31,0.005,1.4,-0.2,-0.2,0.4876,0.0302,,0.005
22,7/26/2016 21:05,0.315,0,1.6,0,0,0.4489,0.0283,,-0.01
22,7/26/2016 21:05,0.305,0.01,1.8,0.2,0.2,0.4556,0.0278,,-0.06
22,7/26/2016 21:05,0.245,0.07,2,0.4,0.4,0.3551,0.0174,,-0.095
22,7/26/2016 21:05,0.15,0.165,2.2,0.6,0.6,0.3413,0.0102,,-0.075
22,7/26/2016 21:05,0.075,0.24,2.4,0.8,0.8,0.1471,0.0035,,-0.075
22,7/26/2016 21:05,0,0.315,2.62,1.02,1.02,0,0,,0
23,7/26/2016 22:05,0,0.285,0,-1.6,-1.6,0,0,,0.15
23,7/26/2016 22:05,0.15,0.135,0.2,-1.4,-1.4,0.12,0.0054,,-0.06
23,7/26/2016 22:05,0.09,0.195,0.4,-1.2,-1.2,0.3129,0.0056,,0.05
23,7/26/2016 22:05,0.14,0.145,0.6,-1,-1,0.4213,0.0118,,0.04
23,7/26/2016 22:05,0.18,0.105,0.8,-0.8,-0.8,0.4707,0.0169,,0.05
23,7/26/2016 22:05,0.23,0.055,1,-0.6,-0.6,0.4858,0.0223,,0.035
23,7/26/2016 22:05,0.265,0.02,1.2,-0.4,-0.4,0.472,0.025,,0.005
23,7/26/2016 22:05,0.27,0.015,1.4,-0.2,-0.2,0.4964,0.0268,,0.015
23,7/26/2016 22:05,0.285,0,1.6,0,0,0.4413,0.0252,,-0.015
23,7/26/2016 22:05,0.27,0.015,1.8,0.2,0.2,0.4133,0.0223,,-0.03
23,7/26/2016 22:05,0.24,0.045,2,0.4,0.4,0.3102,0.0149,,-0.14
23,7/26/2016 22:05,0.1,0.185,2.2,0.6,0.6,0.2111,0.0042,,-0.06
23,7/26/2016 22:05,0.04,0.245,2.4,0.8,0.8,0,0,,-0.04
23,7/26/2016 22:05,0,0.285,2.44,0.84,0.84,0,0,,0
24,7/27/2016 0:05,0,0.23,0,-1.55,-1.55,0,0,,0.065
24,7/27/2016 0:05,0.065,0.165,0.15,-1.4,-1.4,0,0,,0
24,7/27/2016 0:05,0.065,0.165,0.35,-1.2,-1.2,0,0,,0.04
24,7/27/2016 0:05,0.105,0.125,0.55,-1,-1,0.1729,0.0036,,0.035
24,7/27/2016 0:05,0.14,0.09,0.75,-0.8,-0.8,0.24,0.0067,,0.045
24,7/27/2016 0:05,0.185,0.045,0.95,-0.6,-0.6,0.3089,0.0114,,0.015
24,7/27/2016 0:05,0.2,0.03,1.15,-0.4,-0.4,0.3436,0.0137,,0.02
24,7/27/2016 0:05,0.22,0.01,1.35,-0.2,-0.2,0.3658,0.0161,,0.01
24,7/27/2016 0:05,0.23,0,1.55,0,0,0.292,0.0134,,-0.01
24,7/27/2016 0:05,0.22,0.01,1.75,0.2,0.2,0.3347,0.0147,,-0.16
24,7/27/2016 0:05,0.06,0.17,1.95,0.4,0.4,0.2809,0.0051,,-0.06
24,7/27/2016 0:05,0,0.23,2.15,0.6,0.6,0,0,,0
25,7/27/2016 1:05,0,0.205,0,-1.3,-1.5,0,0,,0.05
25,7/27/2016 1:05,0.05,0.155,0.1,-1.2,-1.4,0,0,,-0.01
25,7/27/2016 1:05,0.04,0.165,0.3,-1,-1.3,0,0,,0.06
25,7/27/2016 1:05,0.1,0.105,0.5,-0.8,-1.2,0.0969,0.0019,,0.03
25,7/27/2016 1:05,0.13,0.075,0.7,-0.6,-1,0.2289,0.006,,0.03
25,7/27/2016 1:05,0.16,0.045,0.9,-0.4,-0.8,0.3213,0.0103,,0.015
25,7/27/2016 1:05,0.175,0.03,1.1,-0.2,-0.6,0.3036,0.0106,,0.03
25,7/27/2016 1:05,0.205,0,1.3,0,-0.4,0.3436,0.0141,,-0.005
25,7/27/2016 1:05,0.2,0.005,1.5,0.2,-0.2,0.3009,0.012,,0
25,7/27/2016 1:05,0.2,0.005,1.7,0.4,0,0.2973,0.0119,,-0.14
25,7/27/2016 1:05,0.06,0.145,1.9,0.6,0.2,0.2369,0.0028,,-0.05
25,7/27/2016 1:05,0.01,0.195,2.1,0.8,0.4,0,0,,-0.01
25,7/27/2016 1:05,0,0.205,2.12,0.82,0.62,0,0,,0
26,7/27/2016 2:05,0,0.19,0,-1.22,-1.22,0,0,,0.01
26,7/27/2016 2:05,0.01,0.18,0.02,-1.2,-1.2,0,0,,0.05
26,7/27/2016 2:05,0.06,0.13,0.22,-1,-1,0.0769,0.0009,,0.05
26,7/27/2016 2:05,0.11,0.08,0.42,-0.8,-0.8,0.1658,0.0036,,0.04
26,7/27/2016 2:05,0.15,0.04,0.62,-0.6,-0.6,0.2849,0.0085,,0.01
26,7/27/2016 2:05,0.16,0.03,0.82,-0.4,-0.4,0.2636,0.0084,,0.03
26,7/27/2016 2:05,0.19,0,1.02,-0.2,-0.2,0.3182,0.0121,,0
26,7/27/2016 2:05,0.19,0,1.22,0,0,0.2916,0.0111,,-0.005
26,7/27/2016 2:05,0.185,0.005,1.42,0.2,0.2,0.2964,0.011,,-0.085
26,7/27/2016 2:05,0.1,0.09,1.62,0.4,0.4,0.2076,0.0042,,-0.07
26,7/27/2016 2:05,0.03,0.16,1.82,0.6,0.6,0,0,,-0.03
26,7/27/2016 2:05,0,0.19,1.85,0.63,0.63,0,0,,0
27,7/27/2016 2:30,0,0.19,0,-1.22,-1.22,0,0,,0.01
27,7/27/2016 2:30,0.01,0.18,0.02,-1.2,-1.2,0,0,,0.05
27,7/27/2016 2:30,0.06,0.13,0.22,-1,-1,0.0769,0.0009,,0.05
27,7/27/2016 2:30,0.11,0.08,0.42,-0.8,-0.8,0.1658,0.0036,,0.04
27,7/27/2016 2:30,0.15,0.04,0.62,-0.6,-0.6,0.2849,0.0085,,0.01
27,7/27/2016 2:30,0.16,0.03,0.82,-0.4,-0.4,0.2636,0.0084,,0.03
27,7/27/2016 2:30,0.19,0,1.02,-0.2,-0.2,0.3182,0.0121,,0
27,7/27/2016 2:30,0.19,0,1.22,0,0,0.2916,0.0111,,-0.005
27,7/27/2016 2:30,0.185,0.005,1.42,0.2,0.2,0.2964,0.011,,-0.085
27,7/27/2016 2:30,0.1,0.09,1.62,0.4,0.4,0.2076,0.0042,,-0.07
27,7/27/2016 2:30,0.03,0.16,1.82,0.6,0.6,0,0,,-0.03
27,7/27/2016 2:30,0,0.19,1.85,0.63,0.63,0,0,,0
28,7/27/2016 3:00,0,0.19,0,-1.2,-1.2,0,0,,0.05
28,7/27/2016 3:00,0.05,0.14,0.2,-1,-1,0.0036,0.0001,,0.06
28,7/27/2016 3:00,0.11,0.08,0.4,-0.8,-0.8,0.1409,0.0031,,0.04
28,7/27/2016 3:00,0.15,0.04,0.6,-0.6,-0.6,0.2302,0.0069,,0.02
28,7/27/2016 3:00,0.17,0.02,0.8,-0.4,-0.4,0.224,0.0076,,0.02
28,7/27/2016 3:00,0.19,0,1,-0.2,-0.2,0.2827,0.0107,,0
28,7/27/2016 3:00,0.19,0,1.2,0,0,0.2284,0.0087,,-0.005
28,7/27/2016 3:00,0.185,0.005,1.4,0.2,0.2,0.2684,0.0099,,-0.05
28,7/27/2016 3:00,0.135,0.055,1.6,0.4,0.4,0.1907,0.0077,,-0.135
28,7/27/2016 3:00,0,0.19,1.8,0.6,0.6,0,0,,0
29,7/27/2016 4:00,0,0.175,0,-0.95,-1.15,0,0,,0.04
29,7/27/2016 4:00,0.04,0.135,0.15,-0.8,-1,0,0,,0.05
29,7/27/2016 4:00,0.09,0.085,0.35,-0.6,-0.8,0.1027,0.0018,,0.045
29,7/27/2016 4:00,0.135,0.04,0.55,-0.4,-0.6,0.148,0.004,,-0.005
29,7/27/2016 4:00,0.13,0.045,0.75,-0.2,-0.4,0.244,0.0063,,0.045
29,7/27/2016 4:00,0.175,0,0.95,0,-0.2,0.2467,0.0086,,-0.005
29,7/27/2016 4:00,0.17,0.005,1.15,0.2,0,0.228,0.0078,,0
29,7/27/2016 4:00,0.17,0.005,1.35,0.4,0.2,0.2204,0.0075,,-0.045
29,7/27/2016 4:00,0.125,0.05,1.55,0.6,0.4,0.1204,0.003,,-0.115
29,7/27/2016 4:00,0.01,0.165,1.75,0.8,0.6,0,0,,-0.01
29,7/27/2016 4:00,0,0.175,1.78,0.83,0.63,0,0,,0
30,7/27/2016 5:00,0,0.18,0,-1.15,-1.15,0,0,,0.01
30,7/27/2016 5:00,0.01,0.17,0.15,-1,-1,0,0,,0.08
30,7/27/2016 5:00,0.09,0.09,0.35,-0.8,-0.8,0.0484,0.0009,,0.04
30,7/27/2016 5:00,0.13,0.05,0.55,-0.6,-0.6,0.164,0.0043,,0.02
30,7/27/2016 5:00,0.15,0.03,0.75,-0.4,-0.4,0.1933,0.0058,,0.015
30,7/27/2016 5:00,0.165,0.015,0.95,-0.2,-0.2,0.2311,0.0076,,0.015
30,7/27/2016 5:00,0.18,0,1.15,0,0,0.1871,0.0067,,-0.01
30,7/27/2016 5:00,0.17,0.01,1.35,0.2,0.2,0.224,0.0076,,-0.015
30,7/27/2016 5:00,0.155,0.025,1.55,0.4,0.4,0.1573,0.0068,,-0.155
30,7/27/2016 5:00,0,0.18,1.73,0.58,0.58,0,0,,0
31,7/27/2016 6:00,0,0.17,0,-1.18,-1.18,0,0,,0.04
31,7/27/2016 6:00,0.04,0.13,0.18,-1,-1,0,0,,0.04
31,7/27/2016 6:00,0.08,0.09,0.38,-0.8,-0.8,0.0142,0.0002,,0.05
31,7/27/2016 6:00,0.13,0.04,0.58,-0.6,-0.6,0.1222,0.0032,,0.02
31,7/27/2016 6:00,0.15,0.02,0.78,-0.4,-0.4,0.1818,0.0055,,0.02
31,7/27/2016 6:00,0.17,0,0.98,-0.2,-0.2,0.2316,0.0079,,0
31,7/27/2016 6:00,0.17,0,1.18,0,0,0.1884,0.0064,,-0.005
31,7/27/2016 6:00,0.165,0.005,1.38,0.2,0.2,0.1862,0.0061,,-0.065
31,7/27/2016 6:00,0.1,0.07,1.58,0.4,0.4,0.1058,0.0029,,-0.1
31,7/27/2016 6:00,0,0.17,1.75,0.57,0.57,0,0,,0
32,7/27/2016 7:00,0,0.185,0,-1.67,-1.37,0,0,,0.025
32,7/27/2016 7:00,0.025,0.16,0.07,-1.6,-1.3,0,0,,0
32,7/27/2016 7:00,0.025,0.16,0.27,-1.4,-1.1,0,0,,0.045
32,7/27/2016 7:00,0.07,0.115,0.47,-1.2,-0.9,0.0022,0,,0.03
32,7/27/2016 7:00,0.1,0.085,0.67,-1,-0.7,0.1231,0.0025,,0.045
32,7/27/2016 7:00,0.145,0.04,0.87,-0.8,-0.5,0.196,0.0057,,0.015
32,7/27/2016 7:00,0.16,0.025,1.07,-0.6,-0.3,0.2769,0.0089,,0.025
32,7/27/2016 7:00,0.185,0,1.27,-0.4,-0.1,0.2587,0.0096,,0
32,7/27/2016 7:00,0.185,0,1.47,-0.2,0.1,0.2302,0.0085,,0
32,7/27/2016 7:00,0.185,0,1.67,0,0.3,0.2787,0.0103,,-0.06
32,7/27/2016 7:00,0.125,0.06,1.87,0.2,0.5,0.2569,0.0064,,-0.09
32,7/27/2016 7:00,0.035,0.15,2.07,0.4,0.7,0,0,,-0.035
32,7/27/2016 7:00,0,0.185,2.17,0.5,0.8,0,0,,0
33,7/27/2016 8:00,0,0.26,0,-1.65,-1.65,0,0,,0.02
33,7/27/2016 8:00,0.02,0.24,0.05,-1.6,-1.6,0,0,,0.12
33,7/27/2016 8:00,0.14,0.12,0.25,-1.4,-1.4,0.1044,0.0029,,-0.05
33,7/27/2016 8:00,0.09,0.17,0.45,-1.2,-1.2,0.2311,0.0042,,0.04
33,7/27/2016 8:00,0.13,0.13,0.65,-1,-1,0.2893,0.0075,,0.03
33,7/27/2016 8:00,0.16,0.1,0.85,-0.8,-0.8,0.3529,0.0113,,0.05
33,7/27/2016 8:00,0.21,0.05,1.05,-0.6,-0.6,0.4089,0.0172,,0.03
33,7/27/2016 8:00,0.24,0.02,1.25,-0.4,-0.4,0.4431,0.0213,,0.01
33,7/27/2016 8:00,0.25,0.01,1.45,-0.2,-0.2,0.4236,0.0212,,0.01
33,7/27/2016 8:00,0.26,0,1.65,0,0,0.404,0.021,,-0.01
33,7/27/2016 8:00,0.25,0.01,1.85,0.2,0.2,0.3618,0.0181,,-0.1
33,7/27/2016 8:00,0.15,0.11,2.05,0.4,0.4,0.2547,0.0076,,-0.095
33,7/27/2016 8:00,0.055,0.205,2.25,0.6,0.6,0.1222,0.0013,,-0.035
33,7/27/2016 8:00,0.02,0.24,2.45,0.8,0.8,0,0,,-0.02
33,7/27/2016 8:00,0,0.26,2.48,0.83,0.83,0,0,,0
34,7/27/2016 9:10,0,0.31,0,-1.67,-1.67,0,0,,0.055
34,7/27/2016 9:10,0.055,0.255,0.07,-1.6,-1.6,0,0,,0.1
34,7/27/2016 9:10,0.155,0.155,0.27,-1.4,-1.4,0.1502,0.0047,,-0.025
34,7/27/2016 9:10,0.13,0.18,0.47,-1.2,-1.2,0.328,0.0085,,0.035
34,7/27/2016 9:10,0.165,0.145,0.67,-1,-1,0.4116,0.0136,,0.035
34,7/27/2016 9:10,0.2,0.11,0.87,-0.8,-0.8,0.5089,0.0204,,0.065
34,7/27/2016 9:10,0.265,0.045,1.07,-0.6,-0.6,0.5462,0.0289,,0.01
34,7/27/2016 9:10,0.275,0.035,1.27,-0.4,-0.4,0.5218,0.0287,,0.03
34,7/27/2016 9:10,0.305,0.005,1.47,-0.2,-0.2,0.4933,0.0301,,0.005
34,7/27/2016 9:10,0.31,0,1.67,0,0,0.4702,0.0292,,-0.005
34,7/27/2016 9:10,0.305,0.005,1.87,0.2,0.2,0.3964,0.0242,,-0.085
34,7/27/2016 9:10,0.22,0.09,2.07,0.4,0.4,0.3258,0.0143,,-0.09
34,7/27/2016 9:10,0.13,0.18,2.27,0.6,0.6,0.2773,0.0072,,-0.06
34,7/27/2016 9:10,0.07,0.24,2.47,0.8,0.8,0.1729,0.0035,,-0.07
34,7/27/2016 9:10,0,0.31,2.66,0.99,0.99,0,0,,0
35,7/27/2016 10:10,0,0.335,0,-1.87,-1.8,0,0,,0.1
35,7/27/2016 10:10,0.1,0.235,0.075,-1.8,-1.6,0.1013,0.0018,,0.09
35,7/27/2016 10:10,0.19,0.145,0.275,-1.6,-1.4,0.1929,0.0073,,-0.02
35,7/27/2016 10:10,0.17,0.165,0.475,-1.4,-1.2,0.4716,0.016,,0.05
35,7/27/2016 10:10,0.22,0.115,0.675,-1.2,-1,0.5031,0.0221,,0.045
35,7/27/2016 10:10,0.265,0.07,0.875,-1,-0.8,0.6858,0.0363,,0.045
35,7/27/2016 10:10,0.31,0.025,1.075,-0.8,-0.6,0.5764,0.0357,,0.01
35,7/27/2016 10:10,0.32,0.015,1.275,-0.6,-0.4,0.4862,0.0311,,0.01
35,7/27/2016 10:10,0.33,0.005,1.475,-0.4,-0.2,0.5622,0.0371,,0.005
35,7/27/2016 10:10,0.335,0,1.675,-0.2,0,0.5564,0.0373,,0
35,7/27/2016 10:10,0.335,0,1.875,0,0.2,0.5036,0.0337,,-0.095
35,7/27/2016 10:10,0.24,0.095,2.075,0.2,0.4,0.3644,0.0175,,-0.095
35,7/27/2016 10:10,0.145,0.19,2.275,0.4,0.6,0.3071,0.0089,,-0.03
35,7/27/2016 10:10,0.115,0.22,2.475,0.6,0.8,0.2,0.0068,,-0.115
35,7/27/2016 10:10,0,0.335,2.67,0.8,0.9,0,0,,0
36,7/27/2016 11:05,0,0.4,0,-1.7,-1.7,0,0,,0.16
36,7/27/2016 11:05,0.16,0.24,0.1,-1.6,-1.6,0.2244,0.0072,,0.04
36,7/27/2016 11:05,0.2,0.2,0.3,-1.4,-1.4,0.3831,0.0153,,0.04
36,7/27/2016 11:05,0.24,0.16,0.5,-1.2,-1.2,0.3987,0.0191,,0.05
36,7/27/2016 11:05,0.29,0.11,0.7,-1,-1,0.5053,0.0293,,0.04
36,7/27/2016 11:05,0.33,0.07,0.9,-0.8,-0.8,0.6098,0.0402,,0.04
36,7/27/2016 11:05,0.37,0.03,1.1,-0.6,-0.6,0.5707,0.0422,,0.03
36,7/27/2016 11:05,0.4,0,1.3,-0.4,-0.4,0.4271,0.0342,,0
36,7/27/2016 11:05,0.4,0,1.5,-0.2,-0.2,0.5307,0.0425,,0
36,7/27/2016 11:05,0.4,0,1.7,0,0,0.5489,0.0439,,-0.02
36,7/27/2016 11:05,0.38,0.02,1.9,0.2,0.2,0.5764,0.0438,,-0.095
36,7/27/2016 11:05,0.285,0.115,2.1,0.4,0.4,0.4627,0.0264,,-0.085
36,7/27/2016 11:05,0.2,0.2,2.3,0.6,0.6,0.3516,0.0141,,-0.08
36,7/27/2016 11:05,0.12,0.28,2.5,0.8,0.8,0.2564,0.0062,,-0.02
36,7/27/2016 11:05,0.1,0.3,2.7,1,1,0.2204,0.0062,,-0.1
36,7/27/2016 11:05,0,0.4,2.88,1.18,1.18,0,0,,0
37,7/27/2016 12:10,0,0.445,0,-1.52,-1.7,0,0,,0.21
37,7/27/2016 12:10,0.21,0.235,0.12,-1.4,-1.52,0.3031,0.014,,0.11
37,7/27/2016 12:10,0.32,0.125,0.32,-1.2,-1.4,0.48,0.0307,,-0.04
37,7/27/2016 12:10,0.28,0.165,0.52,-1,-1.2,0.6707,0.0376,,0.04
37,7/27/2016 12:10,0.32,0.125,0.72,-0.8,-1,0.648,0.0415,,0.03
37,7/27/2016 12:10,0.35,0.095,0.92,-0.6,-0.8,0.6284,0.044,,0.05
37,7/27/2016 12:10,0.4,0.045,1.12,-0.4,-0.6,0.7124,0.057,,0.005
37,7/27/2016 12:10,0.405,0.04,1.32,-0.2,-0.4,0.6764,0.0548,,0.04
37,7/27/2016 12:10,0.445,0,1.52,0,-0.2,0.6169,0.0549,,-0.005
37,7/27/2016 12:10,0.44,0.005,1.72,0.2,0,0.6658,0.0586,,-0.015
37,7/27/2016 12:10,0.425,0.02,1.92,0.4,0.2,0.6027,0.0512,,-0.095
37,7/27/2016 12:10,0.33,0.115,2.12,0.6,0.4,0.5004,0.033,,-0.08
37,7/27/2016 12:10,0.25,0.195,2.32,0.8,0.6,0.4169,0.0208,,-0.05
37,7/27/2016 12:10,0.2,0.245,2.52,1,0.8,0.2822,0.0113,,-0.075
37,7/27/2016 12:10,0.125,0.32,2.72,1.2,1,0.1991,0.0075,,-0.125
37,7/27/2016 12:10,0,0.445,2.92,1.4,1.2,0,0,,0
38,7/27/2016 13:15,0,0.445,0,-1.55,-1.75,0,0,,0.21
38,7/27/2016 13:15,0.21,0.235,0.15,-1.4,-1.55,0.3987,0.0209,,0.11
38,7/27/2016 13:15,0.32,0.125,0.35,-1.2,-1.4,0.4049,0.0259,,-0.04
38,7/27/2016 13:15,0.28,0.165,0.55,-1,-1.2,0.5373,0.0301,,0.04
38,7/27/2016 13:15,0.32,0.125,0.75,-0.8,-1,0.5889,0.0377,,0.03
38,7/27/2016 13:15,0.35,0.095,0.95,-0.6,-0.8,0.516,0.0361,,0.05
38,7/27/2016 13:15,0.4,0.045,1.15,-0.4,-0.6,0.5809,0.0465,,0.005
38,7/27/2016 13:15,0.405,0.04,1.35,-0.2,-0.4,0.5653,0.0458,,0.04
38,7/27/2016 13:15,0.445,0,1.55,0,-0.2,0.5987,0.0533,,-0.005
38,7/27/2016 13:15,0.44,0.005,1.75,0.2,0,0.64,0.0521,,-0.015
38,7/27/2016 13:15,0.425,0.02,1.92,0.37,0.2,0.5987,0.0509,,-0.095
38,7/27/2016 13:15,0.33,0.115,2.15,0.6,0.37,0.5107,0.0362,,-0.08
38,7/27/2016 13:15,0.25,0.195,2.35,0.8,0.6,0.3453,0.0173,,-0.05
38,7/27/2016 13:15,0.2,0.245,2.55,1,0.8,0.3253,0.013,,-0.075
38,7/27/2016 13:15,0.125,0.32,2.75,1.2,1,0.1716,0.006,,-0.125
38,7/27/2016 13:15,0,0.445,2.93,1.38,1.2,0,0,,0
39,7/27/2016 14:10,0,0.5,0,-1.73,-1.73,0,0,,0.25
39,7/27/2016 14:10,0.25,0.25,0.13,-1.6,-1.6,0.404,0.0232,,0.1
39,7/27/2016 14:10,0.35,0.15,0.33,-1.4,-1.4,0.6236,0.0436,,-0.02
39,7/27/2016 14:10,0.33,0.17,0.53,-1.2,-1.2,0.6511,0.043,,0.05
39,7/27/2016 14:10,0.38,0.12,0.73,-1,-1,0.6404,0.0487,,0.035
39,7/27/2016 14:10,0.415,0.085,0.93,-0.8,-0.8,0.7044,0.0585,,0.035
39,7/27/2016 14:10,0.45,0.05,1.13,-0.6,-0.6,0.6449,0.058,,0.015
39,7/27/2016 14:10,0.465,0.035,1.33,-0.4,-0.4,0.6693,0.0622,,0.025
39,7/27/2016 14:10,0.49,0.01,1.53,-0.2,-0.2,0.6791,0.0666,,0.01
39,7/27/2016 14:10,0.5,0,1.73,0,0,0.6431,0.0643,,-0.035
39,7/27/2016 14:10,0.465,0.035,1.93,0.2,0.2,0.6413,0.0596,,-0.115
39,7/27/2016 14:10,0.35,0.15,2.13,0.4,0.4,0.4493,0.0315,,-0.06
39,7/27/2016 14:10,0.29,0.21,2.33,0.6,0.6,0.4027,0.0234,,-0.04
39,7/27/2016 14:10,0.25,0.25,2.53,0.8,0.8,0.2938,0.0147,,-0.08
39,7/27/2016 14:10,0.17,0.33,2.73,1,1,0.1653,0.0084,,-0.17
39,7/27/2016 14:10,0,0.5,2.93,1.2,1.2,0,0,,0
40,7/27/2016 15:10,0,0.505,0,-1.69,-1.69,0,0,,0.21
40,7/27/2016 15:10,0.21,0.295,0.09,-1.6,-1.6,0.3382,0.0135,,0.125
40,7/27/2016 15:10,0.335,0.17,0.29,-1.4,-1.4,0.5267,0.0353,,-0.005
40,7/27/2016 15:10,0.33,0.175,0.49,-1.2,-1.2,0.6818,0.045,,0.06
40,7/27/2016 15:10,0.39,0.115,0.69,-1,-1,0.7458,0.0582,,0.03
40,7/27/2016 15:10,0.42,0.085,0.89,-0.8,-0.8,0.7729,0.0649,,0.045
40,7/27/2016 15:10,0.465,0.04,1.09,-0.6,-0.6,0.7187,0.0668,,0.015
40,7/27/2016 15:10,0.48,0.025,1.29,-0.4,-0.4,0.6653,0.0639,,0.02
40,7/27/2016 15:10,0.5,0.005,1.49,-0.2,-0.2,0.6613,0.0661,,0.005
40,7/27/2016 15:10,0.505,0,1.69,0,0,0.6333,0.064,,-0.01
40,7/27/2016 15:10,0.495,0.01,1.89,0.2,0.2,0.5587,0.0553,,-0.105
40,7/27/2016 15:10,0.39,0.115,2.09,0.4,0.4,0.5364,0.0418,,-0.08
40,7/27/2016 15:10,0.31,0.195,2.29,0.6,0.6,0.46,0.0285,,-0.045
40,7/27/2016 15:10,0.265,0.24,2.49,0.8,0.8,0.3942,0.0209,,-0.075
40,7/27/2016 15:10,0.19,0.315,2.69,1,1,0.2773,0.0105,,-0.08
40,7/27/2016 15:10,0.11,0.395,2.89,1.2,1.2,0.0556,0.0015,,-0.11
40,7/27/2016 15:10,0,0.505,3.03,1.34,1.34,0,0,,0
41,7/27/2016 16:10,0,0.51,0,-1.71,-1.71,0,0,,0.255
41,7/27/2016 16:10,0.255,0.255,0.11,-1.6,-1.6,0.3898,0.0209,,0.11
41,7/27/2016 16:10,0.365,0.145,0.31,-1.4,-1.4,0.5516,0.0403,,-0.035
41,7/27/2016 16:10,0.33,0.18,0.51,-1.2,-1.2,0.624,0.0412,,0.05
41,7/27/2016 16:10,0.38,0.13,0.71,-1,-1,0.5449,0.0414,,0.035
41,7/27/2016 16:10,0.415,0.095,0.91,-0.8,-0.8,0.6582,0.0546,,0.035
41,7/27/2016 16:10,0.45,0.06,1.11,-0.6,-0.6,0.6396,0.0576,,0.035
41,7/27/2016 16:10,0.485,0.025,1.31,-0.4,-0.4,0.5724,0.0555,,0.015
41,7/27/2016 16:10,0.5,0.01,1.51,-0.2,-0.2,0.5484,0.0548,,0.01
41,7/27/2016 16:10,0.51,0,1.71,0,0,0.552,0.0563,,-0.01
41,7/27/2016 16:10,0.5,0.01,1.91,0.2,0.2,0.5467,0.0547,,-0.1
41,7/27/2016 16:10,0.4,0.11,2.11,0.4,0.4,0.4791,0.0383,,-0.09
41,7/27/2016 16:10,0.31,0.2,2.31,0.6,0.6,0.3938,0.0244,,-0.07
41,7/27/2016 16:10,0.24,0.27,2.51,0.8,0.8,0.312,0.015,,-0.055
41,7/27/2016 16:10,0.185,0.325,2.71,1,1,0.2124,0.0079,,-0.055
41,7/27/2016 16:10,0.13,0.38,2.91,1.2,1.2,0.1729,0.0036,,-0.13
41,7/27/2016 16:10,0,0.51,2.97,1.26,1.26,0,0,,0
42,7/27/2016 17:30,0,0.485,0,-1.71,-1.71,0,0,,0.225
42,7/27/2016 17:30,0.225,0.26,0.11,-1.6,-1.6,0.3516,0.0166,,0.105
42,7/27/2016 17:30,0.33,0.155,0.31,-1.4,-1.4,0.4413,0.0291,,-0.015
42,7/27/2016 17:30,0.315,0.17,0.51,-1.2,-1.2,0.6364,0.0401,,0.05
42,7/27/2016 17:30,0.365,0.12,0.71,-1,-1,0.6778,0.0495,,0.03
42,7/27/2016 17:30,0.395,0.09,0.91,-0.8,-0.8,0.6947,0.0549,,0.055
42,7/27/2016 17:30,0.45,0.035,1.11,-0.6,-0.6,0.6987,0.0629,,0
42,7/27/2016 17:30,0.45,0.035,1.31,-0.4,-0.4,0.66,0.0594,,0.025
42,7/27/2016 17:30,0.475,0.01,1.51,-0.2,-0.2,0.6231,0.0592,,0.01
42,7/27/2016 17:30,0.485,0,1.71,0,0,0.6356,0.0616,,-0.01
42,7/27/2016 17:30,0.475,0.01,1.91,0.2,0.2,0.5831,0.0554,,-0.08
42,7/27/2016 17:30,0.395,0.09,2.11,0.4,0.4,0.5187,0.041,,-0.09
42,7/27/2016 17:30,0.305,0.18,2.31,0.6,0.6,0.4204,0.0256,,-0.07
42,7/27/2016 17:30,0.235,0.25,2.51,0.8,0.8,0.4013,0.0189,,-0.085
42,7/27/2016 17:30,0.15,0.335,2.71,1,1,0.2476,0.0074,,-0.05
42,7/27/2016 17:30,0.1,0.385,2.91,1.2,1.2,0.0133,0.0003,,-0.1
42,7/27/2016 17:30,0,0.485,3.03,1.32,1.32,0,0,,0
43,8/4/2016 13:30,0,0.41,0,-0.59,-1.4,0,0,,0.04
43,8/4/2016 13:30,0.04,0.37,0.19,-0.4,-1.2,0.0613,0.0007,,0.315
43,8/4/2016 13:30,0.355,0.055,0.39,-0.2,-1,0.172,0.0122,,0.055
43,8/4/2016 13:30,0.41,0,0.59,0,-0.8,0.396,0.0325,,-0.03
43,8/4/2016 13:30,0.38,0.03,0.79,0.2,-0.6,0.5298,0.0403,,-0.05
43,8/4/2016 13:30,0.33,0.08,0.99,0.4,-0.4,0.5396,0.0356,,0.04
43,8/4/2016 13:30,0.37,0.04,1.19,0.6,-0.2,0.4956,0.0367,,0
43,8/4/2016 13:30,0.37,0.04,1.39,0.8,0,0.548,0.0406,,0.005
43,8/4/2016 13:30,0.375,0.035,1.59,1,0.2,0.4644,0.0348,,-0.05
43,8/4/2016 13:30,0.325,0.085,1.79,1.2,0.4,0.4236,0.0275,,-0.01
43,8/4/2016 13:30,0.315,0.095,1.99,1.4,0.6,0.3427,0.0216,,-0.045
43,8/4/2016 13:30,0.27,0.14,2.19,1.6,0.8,0.2658,0.0144,,-0.02
43,8/4/2016 13:30,0.25,0.16,2.39,1.8,1,0.136,0.0068,,-0.11
43,8/4/2016 13:30,0.14,0.27,2.59,2,1.2,0.0293,0.0008,,-0.04
43,8/4/2016 13:30,0.1,0.31,2.79,2.2,1.4,0,0,,-0.1
43,8/4/2016 13:30,0,0.41,2.93,2.34,1.6,0,0,,0
44,8/4/2016 14:10,0,0.495,0,-1.18,-1.6,0,0,,0.165
44,8/4/2016 14:10,0.165,0.33,0.19,-0.99,-1.4,0.5267,0.0248,,0.125
44,8/4/2016 14:10,0.29,0.205,0.38,-0.8,-1.2,0.468,0.0265,,0.08
44,8/4/2016 14:10,0.37,0.125,0.58,-0.6,-0.99,0.4591,0.034,,0.04
44,8/4/2016 14:10,0.41,0.085,0.78,-0.4,-0.8,0.3662,0.03,,0.04
44,8/4/2016 14:10,0.45,0.045,0.98,-0.2,-0.6,0.368,0.0331,,0.045
44,8/4/2016 14:10,0.495,0,1.18,0,-0.4,0.42,0.0416,,-0.035
44,8/4/2016 14:10,0.46,0.035,1.38,0.2,-0.2,0.3724,0.0343,,-0.01
44,8/4/2016 14:10,0.45,0.045,1.58,0.4,0,0.3533,0.0318,,-0.025
44,8/4/2016 14:10,0.425,0.07,1.78,0.6,0.2,0.3769,0.032,,-0.005
44,8/4/2016 14:10,0.42,0.075,1.98,0.8,0.4,0.3467,0.0291,,-0.1
44,8/4/2016 14:10,0.32,0.175,2.18,1,0.6,0.3156,0.0202,,-0.055
44,8/4/2016 14:10,0.265,0.23,2.38,1.2,0.8,0.2796,0.0148,,-0.1
44,8/4/2016 14:10,0.165,0.33,2.58,1.4,1,0.2524,0.0083,,-0.049
44,8/4/2016 14:10,0.116,0.379,2.78,1.6,1.2,0.2196,0.0051,,-0.116
44,8/4/2016 14:10,0,0.495,2.88,1.7,1.3,0,0,,0
45,8/4/2016 15:20,0,0.39,0,-1.31,-1.51,0,0,,0.1
45,8/4/2016 15:20,0.1,0.29,0.17,-1.14,-1.31,0.2409,0.0058,,0.08
45,8/4/2016 15:20,0.18,0.21,0.31,-1,-1.14,0.4862,0.0149,,0.03
45,8/4/2016 15:20,0.21,0.18,0.51,-0.8,-1,0.4191,0.0176,,0.065
45,8/4/2016 15:20,0.275,0.115,0.71,-0.6,-0.8,0.516,0.0284,,0.075
45,8/4/2016 15:20,0.35,0.04,0.91,-0.4,-0.6,0.6036,0.0422,,0.035
45,8/4/2016 15:20,0.385,0.005,1.11,-0.2,-0.4,0.5356,0.0412,,0.005
45,8/4/2016 15:20,0.39,0,1.31,0,-0.2,0.5551,0.0433,,-0.01
45,8/4/2016 15:20,0.38,0.01,1.51,0.2,0,0.584,0.0444,,-0.065
45,8/4/2016 15:20,0.315,0.075,1.71,0.4,0.2,0.5191,0.0327,,-0.075
45,8/4/2016 15:20,0.24,0.15,1.91,0.6,0.4,0.3853,0.0185,,-0.05
45,8/4/2016 15:20,0.19,0.2,2.11,0.8,0.6,0.3036,0.0115,,-0.115
45,8/4/2016 15:20,0.075,0.315,2.31,1,0.8,0.3378,0.0051,,0.005
45,8/4/2016 15:20,0.08,0.31,2.51,1.2,1,0.1556,0.0025,,0
45,8/4/2016 15:20,0.08,0.31,2.71,1.4,1.2,0.008,0.0002,,-0.08
45,8/4/2016 15:20,0,0.39,2.85,1.54,1.34,0,0,,0
46,8/4/2016 17:00,0,0.45,0,-0.69,-1.5,0,0,,0.085
46,8/4/2016 17:00,0.085,0.365,0.09,-0.6,-1.4,0,0,,0.29
46,8/4/2016 17:00,0.375,0.075,0.29,-0.4,-1.2,0.208,0.0156,,0.06
46,8/4/2016 17:00,0.435,0.015,0.49,-0.2,-1,0.4231,0.0368,,0.015
46,8/4/2016 17:00,0.45,0,0.69,0,-0.8,0.5129,0.0462,,-0.05
46,8/4/2016 17:00,0.4,0.05,0.89,0.2,-0.6,0.5636,0.0451,,0.005
46,8/4/2016 17:00,0.405,0.045,1.09,0.4,-0.4,0.5551,0.045,,0.02
46,8/4/2016 17:00,0.425,0.025,1.29,0.6,-0.2,0.5827,0.0495,,-0.005
46,8/4/2016 17:00,0.42,0.03,1.49,0.8,0,0.5196,0.0436,,0
46,8/4/2016 17:00,0.42,0.03,1.69,1,0.2,0.4538,0.0381,,-0.01
46,8/4/2016 17:00,0.41,0.04,1.89,1.2,0.4,0.4578,0.0375,,-0.03
46,8/4/2016 17:00,0.38,0.07,2.09,1.4,0.6,0.3378,0.0257,,-0.075
46,8/4/2016 17:00,0.305,0.145,2.29,1.6,0.8,0.3142,0.0192,,-0.125
46,8/4/2016 17:00,0.18,0.27,2.49,1.8,1,0.2533,0.0091,,-0.06
46,8/4/2016 17:00,0.12,0.33,2.69,2,1.2,0.1418,0.0034,,-0.02
46,8/4/2016 17:00,0.1,0.35,2.89,2.2,1.4,0.0071,0.0002,,-0.1
46,8/4/2016 17:00,0,0.45,3.05,2.36,1.6,0,0,,0
